{"cameraMode":{"drawMode":0,"name":"Shaded","section":"Shading Mode"},"sceneLighting":false,"audioPlay":false,"sceneViewState":{"m_AlwaysRefresh":false,"showFog":true,"showSkybox":false,"showFlares":true,"showImageEffects":true,"showParticleSystems":true,"showVisualEffectGraphs":true,"m_FxEnabled":true},"in2DMode":false,"pivot":{"x":0.5063378810882568,"y":-1.7907723188400269,"z":0.005063056945800781},"rotation":{"x":0.17118413746356965,"y":0.8123375773429871,"z":-0.2933083474636078,"w":0.47410544753074648},"size":3.3384735584259035,"orthographic":false}