{"cameraMode":{"drawMode":0,"name":"Shaded","section":"Shading Mode"},"sceneLighting":false,"audioPlay":false,"sceneViewState":{"m_AlwaysRefresh":false,"showFog":true,"showSkybox":false,"showFlares":true,"showImageEffects":true,"showParticleSystems":true,"showVisualEffectGraphs":true,"m_FxEnabled":true},"in2DMode":false,"pivot":{"x":2.8293285369873049,"y":0.5892512202262878,"z":18.807876586914064},"rotation":{"x":0.015986982733011247,"y":0.917998194694519,"z":-0.03719956800341606,"w":0.3945220708847046},"size":0.8660253882408142,"orthographic":false}